Id,Label
1,Lamaštu[1]DN
2,Ušumgallu[dragon]DN
3,abru[strong-one]N
4,ahurrû[junior]N
5,ariru[(a-priest-uttering-curses)]N
6,assinnu[(male-cultic-prostitute)]N
7,asû[physician]N
8,baʾāšu[smell-bad]V
9,biṣṣūru[female-genitals]N
10,bâru_1[revolt]V
11,bâru_2[catch]V
12,bāʾeru[hunter]N
13,būnu[goodness]N
14,dannūtu[strength]N
15,duppussû[younger-brother]N
16,dādu[darling]N
17,edû_V[know]V
18,ekēpu[come-close]V
19,ellu_N[pure-one]N
20,elēlu[be(come)-pure]V
21,elēpu[sprout]V
22,emu[father-in-law]N
23,emēqu[be(come)-wise]V
24,enu[lord]N
25,enû[change]V
26,enšu_AJ[weak]AJ
27,ešû_AJ[confused]AJ
28,gašrūtu[great-strength]N
29,gašāru[be(come)-strong]V
30,gaṣṣu[cruel]AJ
31,gišparru[trap]N
32,gupāru[neck]N
33,gāmiru_AJ[strong]AJ
34,hallulāya[centipede]N
35,harmu[(male)-lover]N
36,hassu[clever]AJ
37,hatû_2[(meaning-unclear)]V
38,hatāpu[slaughter]V
39,haštu[hole]N
40,hissatu[understanding]N
41,igigallūtu[wisdom]N
42,išaru_N[penis]N
43,išku[testicle]N
44,iṣṣurtu[female-bird]N
45,iṣṣūriš[like-a-bird]AV
46,kabāsu[tread]V
47,kakugallūtu[profession-of-incantation-priest]N
48,kamāru_2[defeat]N
49,katû[weak]AJ
50,kiništu[priesthood]N
51,kitru[help]N
52,kudurru[carrying-frame]N
53,kuluʾu[(male-cultic-prostitute)]N
54,kuzbu[attractivess]N
55,kāribu[one-who-blesses]N
56,kīniš[reliably]AV
57,kūru[depression]N
58,labbu[angry]AJ
59,labāru[be(come)-old]V
60,labāṣu[(a-disease-demon)]N
61,lakû_AJ[weak]AJ
62,lalûtu[vigour]N
63,lapānu[be(come)-poor]V
64,lemnu_N[evil-one]N
65,lemēnu[be(come)-bad]V
66,libbātu[rage]N
67,līʾu[bull]N
68,magāgu[spread]V
69,massû[leader]N
70,mazāʾu[press]V
71,mithuṣūtu[battle]N
72,mugerru[two-wheeled-vehicle]N
73,muhhuru[offering]N
74,mulmullu[arrow]N
75,muqqu[weakened]AJ
76,muškēnūtu[poverty]AJ
77,māhiru[opponent]N
78,mārūtu[status-of-son]N
79,mētellu[lordship]N
80,mūdânūtu[knowledge]N
81,mūru[young-animal]N
82,nahātu[be(come)-small]V
83,nakbatu[weight]N
84,nakāpu[push]V
85,nakāru_N[enemy]N
86,nalbubu[furious]AJ
87,narʾamtu[javelin]N
88,naʾāru[roar]V
89,neʾrāru[aid]N
90,nindabû[(food)-offering]N
91,nêru_N[killer]N
92,palhu[fearful]AJ
93,pardu[afraid]AJ
94,paršumu[outlive]V
95,patānu[become-strong]V
96,perniqqu[(a-mythical-weapon)]N
97,puggulu[very-strong]AJ
98,pulhu[terror]N
99,puršumu[old-(man)]N
100,pāšu[axe]N
101,qadādu[bow-down]V
102,qalālu[be(come)-light]V
103,qardūtu[heroism]N
104,qarrādūtu[heroism]N
105,qarābu[battle]N
106,qarādu[be(come)-warlike]V
107,qerēbu[be(come)-close]V
108,rabābu[be(come)-weak]V
109,raggu_AJ[wicked]AJ
110,raṣmu[powerful]AJ
111,raṣānu[be-powerful-(of-voice)]V
112,ruʾubtu[rage]N
113,rêṣu[help]V
114,rīṣu[help]N
115,sadirtu[battle-line]N
116,sapāqu[be(come)-sufficient]V
117,sarruru[pray-to]V
118,sasinnu[bowyer]N
119,sattukku[regular-delivery]N
120,sidirtu[row]N
121,sâdu[smite]V
122,sūnu[loin]N
123,tahanātu[help]N
124,tamhāru[battle]N
125,taqribtu[(a-ritual)]N
126,taqrubtu[battle]N
127,tardennu[second(ary)]AJ
128,targīgu[evildoer]N
129,tašnintu[battle]N
130,tiklu[help]N
131,tubāqu[trap]N
132,tulû[breast]N
133,tēšû[confusion]N
134,ugallu[storm-demon]N
135,ummiānu[expert]N
136,ummânūtu[craftmanship]N
137,urû[team-of-equids]N
138,usandû[bird-catcher]N
139,uzzu[anger]N
140,zayyāru[foe]N
141,zāmânû[hostile-one]N
142,zēʾirānu[enemy]N
143,zību_2[jackal]N
144,šabbasû[very-angry]AJ
145,šaggāšu[murderer]N
146,šahāṭu_3[be(come)-angry]V
147,šalāmu_N[peace]N
148,šalāṭu[rule]V
149,šalṭu_AJ[authoritative]AJ
150,šalṭu_N[bow-case]N
151,šamāru_1[gloat?]V
152,šamāru_2[rage]V
153,šanūdu[illustrious]AJ
154,šapṣu_N[recalcitrant-one]N
155,šašmu[(single)-combat]N
156,šehṭu_AJ[jumping]AJ
157,šibsātu[anger]N
158,šitmuriš[wildly]AV
159,šukudu[arrow]N
160,šuribatu[terror?]N
161,šuttatu[(hunter's)-pitfall]N
162,šuškallu[battle-net]N
163,ṣabtu_N[captive]N
164,ṣalālu[lie-(down)]V
165,ṣayyādu[vagrant]N
166,ṣehheru[tiny]AJ
167,ṣehru_2[(time-of)-youth]N
168,ṣuhāru[boy]N
169,ṣāltu[combat]N
170,ṭēmānu_AJ[wise]AJ
171,Mullissu[1]DN
172,ebūru[summer]N
173,napāhu[blow]V
174,Nusku[1]DN
175,Šarrat-Kidmuri[1]DN
176,awû[speak]V
177,šēlabiš[like-a-fox]AV
178,wēdiššī-[he/you-(etc.)-alone]AV
179,marqītu[refuge]N
180,šalšāya[third-brother]N
181,mērênu[nakedness]N
182,nabalkattānu[insurgent]N
183,etelliš[as-a-lord]AV
184,kabbaru[very-thick]AJ
185,nakāru_V[be(come)-different]V
186,mehretu[opposite-side]N
187,rēmu[womb]N
188,nisiqtu[selection]N
189,kapādu[plan]V
190,râbu[tremble]V
191,qinnu[nest]N
192,zāratu[tent]N
193,zumru[body]N
194,banû[good]AJ
195,nasīku[sheikh]N
196,tēliltu[(ritual)-cleansing]N
197,mīsu[washing]N
198,rimku[wash-water]N
199,hamru[holy-place-(of-Adad-Assur)]N
200,murtâmu[ones-who-love-each-other]N
201,gīru[fire(-god)]N
202,ebirna[(meaning-unknown)]N
203,nappāhu[smith]N
204,kutīmu[goldsmith]N
205,šeleppāyu[(a-type-of-craftsman)]N
206,ṣurārû[lizard]N
207,niāru[papyrus]N
208,pagû[ape]N
209,ayyalu[ally]N
210,šūpû[made-apparent]AJ
211,munêru[one-who-strikes]N
212,nābiʾu[plunderer]N
213,handūru[spur?]N
214,hābilu_1[criminal]N
215,batūlu[boy]N
216,argamannu[purple]N
217,batultu[adolescent]N
218,maqlūtu[burn(ing)]N
219,qilûtu[burning]N
220,gupnu[tree(-trunk)]N
221,eʾēlu[bind-(on)]V
222,muqtablu[fighter]N
223,ušmannu[(military)-camp]N
224,išātu[fire]N
225,nipšu[breathing]N
226,šār[3600]NU
227,kaṣû[cold]N
228,nādu[(water-)skin]N
229,anīhu[tired]AJ
230,dahru[angry]AJ
231,mānahtu[weariness]N
232,šahāṭu_2[jump-(on)]V
233,šeršerratu[chain]N
234,rukkusu[well-fitted-together]AJ
235,qullu[(a-large-ring)]N
236,atānu[she-ass]N
237,ṣurru[obsidian]N
238,gašru[strong-one]N
239,Niššiku[1]DN
240,kasūsu[(hunting)-falcon]N
241,šangûtu[priesthood]N
242,râmu[love]V
243,Nergal[1]DN
244,kabtu[heavy]AJ
245,šaplu[low(er)]AJ
246,simānu[(right)-occasion]N
247,serhu[debris]N
248,kašāru[restore]V
249,supû[prayer]N
250,līmu[thousand]NU
251,šerʾānu[vein]N
252,bitrumu[very-colourful]AJ
253,takdīru[(meaning-unknown)]N
254,būru[(bull)-calf]N
255,ṣimdu[binding]N
256,bunnû[beautified]AJ
257,mazzaztu[position]N
258,patqu[built]AJ
259,šutātû[positioned-opposite-one-another]AJ
260,Ninagal[1]DN
261,muštaʾʾûtu[leisure]N
262,petû[open]AJ
263,nawru[bright]AJ
264,kaškaššu_AJ[all-powerful]AJ
265,tanittu[(hymn-of)-praise]N
266,gašru_AJ[very-strong]AJ
267,apû[be(come)-visible]V
268,Ereškigal[1]DN
269,šitarhu[very-proud-one]N
270,",ēkallu[palace]N"
271,šuqallulu[hanging-(down)]AJ
272,tarlugallu[rooster]N
273,raksu[tied-one]N
274,urpatu[cloud]N
275,gapāšu[rise-up]V
276,šipṣu[obstinacy]N
277,bašāmu[allocate]V
278,birtūtu[function-as-fort]N
279,tillatu[auxiliaries]N
280,bitrû[be(come)-continuous]V
281,naparkû[cease]V
282,dumqu[goodness]N
283,naparkû[ceasing]AJ
284,laʾû[small-child]N
285,eriyātu[cold-weather]N
286,abāru[(a-kind-of-clamp)]N
287,zīqīqu[wind]N
288,malmališ[correspondingly]AV
289,sehû[rise-up]V
290,dīktu[fighting]N
291,habātu[rob]V
292,tidūku[battle]N
293,zahalû[silver-alloy]N
294,ešmarû[(a-silver-alloy)]N
295,bīnu[son]N
296,kupatinnu[globule]N
297,patāqu[make-brick-structures]V
298,Nuru[1]DN
299,qiššû[cucumber]N
300,gapšu[arisen]AJ
301,ahannâ[on-this-bank]AV
302,šāninu[rival]N
303,mēlulu[play]V
304,šīqu[watering]N
305,pašāṭu[erase]V
306,rāhiṣu[destroyer]N
307,mupparšu[flying-one]N
308,tīku[dripping]N
309,turruṣu[(meaning-uncertain)]AJ
310,mušaršidu[one-who-makes-secure]N
311,erbu[(sun)set]N
312,pattūtu[open-chariot]N
313,maštaku[chamber]N
314,utūnu[kiln]N
315,kurunnu[(a-kind-of-beer)]N
316,sirqu[offering-(of-aromatics-of-foodstuffs)]N
317,ginâ[constantly]AV
318,ahû[outsider]N
319,Kubu[foetus]DN
320,sarāqu[strew]V
321,ezēbu[leave]V
322,nābališ[on-dry-land]AV
323,nakāsu[cut]V
324,rēšu[head]N
325,tibku[course-of-bricks]N
326,maštakal[(an-alkaline-plant)]N
327,šarpu[burning]N
328,hadûtu[joy]N
329,emdu[(an-aromatic-tree)]N
330,marru[shovel]N
331,itpēšu_N[expert]N
332,qabû[speech]N
333,muttabbilu[servant]N
334,šupêlu[exchange]V
335,kūnu[firmness]N
336,šupku[foundation]N
337,kisû[footing]N
338,rabbû[large]AJ
339,galālu[roll]V
340,mašāhu[measure]V
341,mītu[dead]AJ
342,enēšu[be(come)-weak]V
343,diānu[judge]V
344,akû[cripple]N
345,ezēzu[be(come)-angry]V
346,magāru[consent]V
347,pitqudu[prudent]AJ
348,Belet-ili[1]DN
349,muṣṣiru[one-who-draws]N
350,igigallu[wisdom]N
351,niklu[skill]N
352,pāṭeru[that-which-undoes]N
353,namrīriš[like-an-awe-inspiring-radiance]AV
354,riksu[band]N
355,šamriš[furiously]AV
356,puhhû[blocked-up]AJ
357,purruku[blocked]AJ
358,šulû[street]N
359,nīdu[l(a)ying-(down)]N
360,erhu[aggressive]AJ
361,ṣarāhu[heat-up]V
362,mahīriš[at-the-market]AV
363,gamāru[bring-to-conclusion]V
364,ṭuppi[one-year-(period)]N
365,nadnu[given]AJ
366,tarbaṣu[animal-stall]N
367,purussû[decision]N
368,lawû[surrounded]AJ
369,kasītu[(magical)-constraint]N
370,eṣēdu_N[harvest]N
371,eṣēdu_V[harvest]V
372,ārišūtu[agricultural-tenancy]N
373,muttatu[half]N
374,utru[excess]N
375,û[grain]N
376,atru[excess]N
377,tibnu[straw]N
378,zaʾinu[adorned]AJ
379,kartappu[(animal)-driver]N
380,kišukku[captivity]N
381,ištēnšeret[eleven]NU
382,šanû[(an)other-one]N
383,tespītu[prayer]N
384,šitluṭu[triumphant]AJ
385,bâlu[supplicate]V
386,Sebetti[1]DN
387,dayyānu[judge]N
388,namrīru[awe-inspiring-radiance]N
389,mētequ[route]N
390,rebû[fourth]AJ
391,samānû[eighth]AJ
392,hamšu[fifth]AJ
393,šeššu[sixth]AJ
394,šanû[second]AJ
395,sebû[seventh]AJ
396,dārišam[for-ever]AV
397,pirittu[terror]N
398,ginû[regular-contribution-(to-temple)]N
399,hiṭītu[shortfall]N
400,bābilu[one-who-carries]N
401,gullultu[sin]N
402,arnu[guilt]N
403,sittūtu[those-remaining]N
404,eʾiltu[bond]N
405,pagru[body]N
406,lāpitu[one-who-touches]N
407,maṭû[small]AJ
408,bārû[diviner]N
409,qadūtu[silt]N
410,barû[see]V
411,mukallimu[one-who-shows]N
412,Namraṣit[1]DN
413,eddēšû[constantly-self-renewing]AJ
414,pētû[opener]N
415,kaškaššu_N[all-powerful-one]N
416,siparru[bronze]N
417,Enbilulu[1]DN
418,mušazninu[one-who-makes-it-rain]N
419,apkīsu[furrow]N
420,Enʾeʾimdu[1]DN
421,īku[dyke]N
422,labīru_AJ[old]AJ
423,akalu[bread]N
424,kittu[truth]N
425,pērtu[hair-(of-head)]N
426,gullubu_AJ[shorn]AJ
427,Belet[1]DN
428,qašdu[pure]AJ
429,bitrû[enormous]AJ
430,dārītu[perpetuity]N
431,hurāṣu[gold]N
432,purussû[(legal)-decision]N
433,antalû[eclipse]N
434,lahmu[hairy]N
435,šunnû[changed]AJ
436,talīmu[favourite-brother]N
437,dullulu[oppressed-one]N
438,paqādu[entrust]V
439,luppu[(a-leather-bag)]N
440,mihiṣtu[strike]N
441,hakāmu[understand]V
442,ahullâ[on-the-other-bank]AV
443,šiāru[morning]N
444,ūma[today]AV
445,nērārūtu[aid]N
446,uggatu[rage]N
447,pīhātu[post]N
448,šandabakku[chief-accountant]N
449,sunqu[famine]N
450,mūdû_AJ[knowing]AJ
451,lēʾû_AJ[powerful]AJ
452,pargāniš[on-the-meadow]AV
453,ṭiābu[be(come)-good]V
454,rabāṣu[sit]V
455,kīnu[permanent]AJ
456,Irugga[1]DN
457,biltu[load]N
458,hayyattu[(pathological)-terror]N
459,šamê[heaven]N
460,ruʾtu[saliva]N
461,miqtu[fall]N
462,hiāṭu[supervise]V
463,nādinu[giver]N
464,rēʾûtu[shepherdship]N
465,qiāšu[give]V
466,karmu[heap]N
467,ishappu[villain]N
468,kāmû[one-who-binds]N
469,kihullû[mourning-rites]N
470,āmeru[one-who-sees]N
471,halqu[lost-one]N
472,nītu[encirclement]N
473,mâdu[be(come)-many]V
474,munnabtu[fugitive]N
475,puluhtu[awesomeness]N
476,rikistu[decree]N
477,kizû[animal-trainer]N
478,warkû[rear-one]N
479,muṣṣiru[designer]N
480,eršu_N[wise-one]N
481,tāmihu[one-who-grasps]N
482,ṣerretu[nose-rope]N
483,dadmū[villages]N
484,šamāmū[heavens]N
485,rabû[great]AJ
486,šarratu[queen]N
487,šanunkatu[princess]N
488,kuṣṣuru[thoroughly-knotted]AJ
489,šupqudu[appointed]AJ
490,pusummu[veil]N
491,gimratu[totality]N
492,kirimahhu[park]N
493,rīqu[aromatic-substance]N
494,gipāru[residence-of-en(t)u-in-temple]N
495,šummuhu[very-luxuriant]AJ
496,hanābu[sprout]V
497,šabburtu[broken-up-land]N
498,kirû[(fruit)-plantation]N
499,muhhuriš[as-an-offering]AV
500,šumû[roast-meat]N
501,kittu[steadiness]N
502,hāsisu[one-who-remembers]N
503,šibirru[shepherd's-staff]N
504,šangûtu[priest]N
505,nannāru[light-of-the-sky]N
506,nāṭilu[seeing-one]N
507,rikibtu[copulation]N
508,sammû[lyre]N
509,sikkūru[bolt]N
510,edlu[shut]AJ
511,tappû[companion]N
512,ayyalu[stag]N
513,ṣarāru[flash]V
514,namṣāru[sword]N
515,narāqu[hide]V
516,šamāmiš[to-heaven]AV
517,ṭarû[(meaning-unknown)]V
518,rapādu[run]V
519,ušalliš[like-lowland]AV
520,kawû[outer-one]N
521,kurkû[goose]N
522,maziu[(a-metal-vessel)]N
523,zību_1[vulture]N
524,sukannīnu[dove]N
525,mê-šīri[meat-broth]N
526,tarlugallu[hen]N
527,ukultu[food]N
528,quppu[box]N
529,arammu[causeway]N
530,Uggu[Dead-Gods]DN
531,šurru[bow-oneself-down]V
532,huddudu[deeply-incised]AJ
533,miṣru[border]N
534,sekēru[shut-off]V
535,marāru[be(come)-bitter]V
536,maškanu[place-of-putting]N
537,bennu[epilepsy]N
538,kalûtu[lamentation-priesthood]N
539,iškāru[work-assignment]N
540,gamāru[complete]V
541,Enūma-Anu-Enlil[(astrological-omen-series)]N
542,āšipu[sorcerer]N
543,lēʾu[board]N
544,ešēru[go-well]V
545,dumāmu[moaning]N
546,tubqu[corner]N
547,kalû[held-(back)]AJ
548,sapāru[(deity's)-net]N
549,šērtu[guilt]N
550,malû[full]AJ
551,naparšudu[flee]V
552,wāšibu[inhabitant]N
553,šasû[shout]V
554,naqāru[demolish]V
555,nīru[yoke]N
556,šaplû[lower]AJ
557,upnu[hallow-of-the-hand]N
558,ṣītu[exit]N
559,bêlu[rule-(over)]V
560,ṣarāmu[make-an-effort]V
561,mušadbibu[one-who-causes-someone-to-litigate]N
562,agannutillû[dropsy]N
563,bēl-zakār-šumi[subject-of-the-query]N
564,sakīku[(mud)-deposits]N
565,adānu[fixed-time]N
566,agāgu[be(come)-furious]V
567,adanniš[very-much]AV
568,Nikkal[1]DN
569,tūru[return]N
570,lapnu[poor]AJ
571,tibûtu_2[levy]N
572,wâru[go-(up-to)]V
573,šagāšu[kill]V
574,šurbû[very-great-one]N
575,gitmālu_N[perfect-one]N
576,muttellu[princely-one]N
577,migru[consent]N
578,ewû[become]V
579,hengallu[plenty]N
580,tamšīlu[likeness]N
581,Ninurta[1]DN
582,qardu_N[valiant-one]N
583,nibītu[naming]N
584,rādiu[(caravan)-guide]N
585,tiṣbutu[linked]AJ
586,nāṣiru[guard]N
587,muhaddû[one-who-gives-delight]N
588,Lamma-RA.BI[1]DN
589,mušēribu[one-who-brings-in]N
590,akia[in-the-following-way]AV
591,kilīlu[wreath]N
592,lattu[(a-container-of-standard-capacity)]N
593,Mulliltu[1]DN
594,ša-rēš-šarri[royal-eunuch]N
595,saddinu[(a-tunic)]N
596,kappu[hand]N
597,ēribu[entering]N
598,šubarrû[(tax)-exemption]N
599,mušallimu[that-delivers-safely]N
600,dāriš[for-ever]AV
601,pīru[elephant]N
602,ṣiātu[distant-time]N
603,inūšu[at-that-time]AV
604,Šarrat-Nippur[1]DN
605,terṣu[pointing]N
606,puqqu[heed]V
607,šīlān[in-the-sunset]AV
608,ṣītān[at-sunrise]AV
609,tappû[partner]N
610,ṭātu[gift]N
611,gipšūtu[fullness]N
612,muštarhu[presumptuous-one]N
613,šūru[bull]N
614,qûʾiš[like-threads]AV
615,bunnannû[physiognomy]N
616,šāpirūtu[post-of-šāpiru]N
617,imbaru[fog]N
618,sadru[placed-in-order]AJ
619,ēqu[(a-cult-object)]N
620,mētellūtu[rulership]N
621,SI4[(meaning-uncertain)]V
622,zabbilu[bearer]N
623,zabālu[carry]V
624,balālu[mix-(up)]V
625,elēlu[cheerful-song]N
626,lābinu[brick-maker]N
627,labānu[spread]V
628,darrû[sacrificial-sheep]N
629,šuklulu_AJ[complete]AJ
630,kayyamānu[permanent]AJ
631,palāsu[look-at]V
632,šassūru[womb]N
633,rûmtu[darling]N
634,agarinnu[womb]N
635,māšu[twin-(brother/sister)]N
636,annu[(word-of)-consent]N
637,uṣurtu[design]N
638,damqu[good]AJ
639,šitqulu[balanced]AJ
640,šalamtiš[like-a-corpse]AV
641,nissatu[wailing]N
642,ewû[changed]AJ
643,wardatu[girl]N
644,qutru[smoke]N
645,mākālu[meal]N
646,mešrêtu[limbs]N
647,qatāru[smoke]V
648,zīmu[face]N
649,šitkunu[provided-with]AJ
650,banû[create]V
651,qurādu[hero]N
652,hīṭu[error]N
653,šallatiš[as-booty]AV
654,waṣû[go-out]V
655,atwû[speech]N
656,gišṭû[(writing)-board]N
657,šaṭāru[(piece-of)-writing]N
658,ṣubbû[observe-(from-a-distance)]V
659,diʾu[(deity's)-throne-platform]N
660,maqittu[dilapidation]N
661,tīlu[(ruin)-mound]N
662,barû[seen]AJ
663,šāṭiru[writer]N
664,ligimû[kernel]N
665,šubultinbi[young]AJ
666,damiqtu[good]N
667,ṭuppu[tablet]N
668,Šarrat-Ninua[Queen-of-Nineveh]DN
669,hāwiru[husband]N
670,ziʾpu[mould]N
671,kummuru[piled-up]AJ
672,tabrītu[(nocturnal)-vision]N
673,zagmukku[New-Year-(festival)]N
674,ulṣu[pleasure]N
675,nubû[lament]N
676,qitrubu[close-together]AJ
677,utnēnu[supplication]N
678,zamar[quickly]AV
679,palāsu[look-(at)]V
680,šarû[rich-one]N
681,šarû[be(come)-rich]V
682,salāʾu[sprinkle]V
683,damāqu[be(come)-good]V
684,rašû[acquire]V
685,aššatu[wife]N
686,utukku[(an-evil-demon)]N
687,gallû[(a-demon)]N
688,surrātu[lies]N
689,qātīšu[hand]N
690,šēpīšu[foot]N
691,sâku[pound]V
692,dāmu[blood]N
693,magulû[(a-big-raft)]N
694,ubšukkinnakku[court-of-assembly]N
695,marāṣu[be(come)-ill]V
696,nēberu[crossing]N
697,ṭebû[sink]V
698,narāmtu[beloved]AJ
699,qardammu[enemy]N
700,mekû[neglect]V
701,billatu[mixture]N
702,āšipūtu[exorcism]N
703,santakku[triangle]N
704,kamādu[beat-cloth(?)]V
705,hiālu[be(come)-in-labour]V
706,kamāru_1[hunting-trap]N
707,munnabtu[runaway]N
708,malû[be(come)-full]V
709,elû[go-up]V
710,bandillu[belly]N
711,ūlid[give-birth-(to)]V
712,lipištu[male-genitalia]N
713,supurgillu[quince]N
714,qabūtu[bowl]N
715,serdu[olive-tree]N
716,azamru[fruit]N
717,andahšu[(an-alliaceous-plant)]N
718,sallu[tray]N
719,hūdu[happiness]N
720,rūqu[distant]AJ
721,balāṭu[life]N
722,šīmtu[what-is-fixed]N
723,šaptu[lip]N
724,ṣarāhu[cry-out]V
725,labābu[rage]V
726,sipittu[mourning-(rites)]N
727,rapāsu[beat]V
728,herṣu[fragment]N
729,tarbaṣu[pen-(for-cattle-rarely-for-sheep-and-goats-horses)]N
730,zikaru_AJ[male]AJ
731,ilittu[birth]N
732,dandannu_AJ[all-powerful]AJ
733,šitimgallu[master-builder]N
734,šāgišu[murderer]N
735,ummiānu[investor]N
736,muttellu[princely]AJ
737,emqu_AJ[wise]AJ
738,nalbanu[brick-mould]N
739,Utulu[1]DN
740,lalgar[cosmic-(underground)-water]N
741,šūturu[very-great]AJ
742,puhālu[male-animal]N
743,šakkanakku[(military)-governor]N
744,sikiptu[repulse]N
745,dārû[lasting]AJ
746,durgu[innermost-part]N
747,līpu[descendant]N
748,līṭu[hostage]N
749,ṣēriš[towards]AV
750,šākinu[one-who-places]N
751,gāmirūtu[strength]N
752,šiābu[be(come)-old]V
753,aslu[ram]N
754,šû[sheep]N
755,ṭābiš[well]AV
756,nūnu[fish]N
757,šeʾu[barley]N
758,ramû[set-in-place]V
759,asaʾītu[tower]N
760,kallāpu[(a-foot-soldier)]N
761,nasāqu[choose]V
762,ziqpu[shoot]N
763,mišihtu[measurement]N
764,šêṭu[miss-(accidentally)]V
765,baṭālu[cease]V
766,gerru[way]N
767,ahāru[be-behind]V
768,narû[stele]N
769,kabāru[be(come)-thick]V
770,tašīmtu[discernment]N
771,uršānu[warrior]N
772,ṣīru_AJ[exalted]AJ
773,ardatu[girl]N
774,zīzu[teat]N
775,niṭlu[look]N
776,huzīru[pig]N
777,harrānu[path]N
778,salāhu[sprinkle]V
779,ammaka[there]AV
780,basi[soon]AV
781,inbu[fruit]N
782,annaka[here]AV
783,rakāsu[bind]V
784,kimahhu[grave]N
785,wapû[be(come)-visible]V
786,marṣu[sick-one]N
787,murṣu[illness]N
788,itpēšu_AJ[expert]AJ
789,eršu_AJ[wise]AJ
790,muttarrû[guide]N
791,kušīru[success]N
792,mērešu_2[wisdom]N
793,šitūltu[discussion]N
794,tašīmtu[practical-intelligence]N
795,sullû[impudence]N
796,mušēṣû[one-who-makes-go-out]N
797,Aš̄šur[1]DN
798,sadāru[place-in-order]V
799,wašāru[sink-down]V
800,šapṣu_AJ[recalcitrant]AJ
801,kanāšu[bow-down]V
802,abāku[lead-away]V
803,matnu[sinew]N
804,rašbu[terrifying]AJ
805,imnu[right-(side-hand)]N
806,apru[with-head-covered]AJ
807,berqu[lightning-(flash)]N
808,rahṣu[drenched]AJ
809,sassu[base]N
810,Kašidu[conquering-(weapon-of-Aššur)]DN
811,nagāru[joiner]N
812,ašāru[muster]V
813,ša-pēthalli[rider]N
814,purīdu[leg]N
815,šatû[drink]V
816,nāru[river]N
817,hamšīšu[five-times]AV
818,nablu[flash-of-fire]N
819,munnišu[weakening]AJ
820,eṭēru[take-away]V
821,šanû[(an)other]AJ
822,Anu[1]DN
823,igisû[contribution]N
824,šapšāqu[constraint]N
825,ṭūdu[path]N
826,māhiṣu[beater]N
827,tarāru[tremble]V
828,hamšā[fifty]NU
829,zaqāpu[fix-upright]V
830,kakardinnu[victualler]N
831,ēpû[baker]N
832,nuhatimmu[cook]N
833,mâtu[die]V
834,kiššatu[totality]N
835,buʾʾû[look-for]V
836,ridûtu[appropriation]N
837,iššiakku[city-ruler]N
838,šiqlu[unit]N
839,ṣarpu[silver]N
840,bašāmu[create]V
841,gišmahhu[tree-trunk]N
842,nakālu[be(come)-skilful]V
843,pitqu[brickwork]N
844,šutlumu[grant]V
845,nuhšu[abundance]N
846,kiššūtu[exercise-of-power]N
847,lītu[power]N
848,napharu[total]N
849,banû[good-one]N
850,manû[count]V
851,nahnahatu[(nasal)-septum?]N
852,šūtuqu[one-who-surpasses]N
853,nāsihu[one-who-removes]N
854,kabtu[heavy-one]N
855,rabîš[magnificently]AV
856,mušīmu[one-who-decrees]N
857,muštēširu[one-who-puts-in-order]N
858,arû[lead]V
859,kalāma[all-(of-it)]N
860,sahliu[cress]N
861,karašu[leek]N
862,mūdû_N[knower]N
863,Šazu[1]DN
864,āhizu[informed-person]N
865,waqāru[be(come)-rare]V
866,lēʾûtu[competence]N
867,anhu[tired]AJ
868,naṣāru[guard]V
869,ēkallu[palace]N
870,tānēhu[wailing]N
871,zâbu[dissolve]V
872,ibrūtu[friendship]N
873,zi[life]N
874,nērtu[murder]N
875,lābu[lion]N
876,bāšû[existing]AJ
877,lamassu[(female)-tutelary-deity]N
878,bābu[gate]N
879,utukkiš[like-an-utukku-demon]AV
880,napraku[bolt]N
881,rabbu[soft]AJ
882,kiāšu[help]V
883,birītu[fetter]N
884,akṣu[brazen]AJ
885,šigāru[(wooden)-clamp]N
886,bahūlātu[men]N
887,šuruppû[frost]N
888,šalṭāniš[in-triumph]AV
889,pispisu[bug]N
890,kabittu[main-body-(of-troops)]N
891,zubbu[fly]N
892,abullu[(city)-gate]N
893,mašāhu[flash]V
894,šahātu[be(come)-afraid]V
895,wabālu[carry]V
896,šipru[sending]N
897,eddu[pointed]AJ
898,rebītu[street]N
899,qarnu[horn]N
900,tāmartu[view(ing)]N
901,taskarinnu[box-tree]N
902,gimirtu[totality]N
903,sanāqu[check]V
904,šulmu[completeness]N
905,tikpu[layer]N
906,abātu_1[destroy]V
907,nikiltu[skill]N
908,šapālu[be(come)-deep]V
909,târu[turn]V
910,zaqtu[pointed]AJ
911,sapannu[flatland]N
912,tullû[bedecked]AJ
913,tamhu[holding]AJ
914,karru[knob]N
915,ṭarādu[send-off]V
916,qištu[forest]N
917,erēbu[enter]V
918,sāniqu[controller]N
919,kalappu[pickaxe]N
920,rukūbu[vehicle]N
921,zû[excrement]N
922,hepû[break]V
923,šadādu[drag]V
924,batāqu[cut-off]V
925,rubû[ruler]N
926,baʾʾītu[thing-sought]N
927,āmiru[one-who-sees]N
928,mušteʾʾû[repeatedly-searching-one]N
929,ušumgallu[great-dragon]N
930,nišītu[lifting]N
931,daʾummiš[in-pitch-dark]AV
932,itkupu[very-close]AJ
933,erēpu[cloud-over]V
934,ittu[sign]N
935,nabalkutu[cross-over]V
936,muṭahhidu[one-who-brings-abundance]N
937,ṭahādu[thrive]V
938,isqu[share]N
939,ramku[(a-cultic-functionary)]N
940,pašīšu[(a-priest)]N
941,zāninu[provisioner]N
942,Ummān-manda[barbarian-horde]N
943,akukūtu[firebrand]N
944,uskāru[crescent-(moon)]N
945,išakkanū[bring-about]V
946,nukurtu[enmity]N
947,zakru[named]AJ
948,esēru[enclose]V
949,rību[earthquake]N
950,pašāhu[be(come)-at-rest]V
951,aggu[furious]AJ
952,surriš[quickly]AV
953,minûtu[count(ing)]N
954,nidûtu[abandonment]N
955,enēnu[punish]V
956,gērû[opponent]N
957,ayyābu[enemy]N
958,sapānu[flatten]V
959,mātitān[all-countries]N
960,kullatu[totality]N
961,mušēzibu[saving-one]N
962,bakû[weep]V
963,šūši[sixty]NU
964,būlu[animals]N
965,ṣēnu[flock]N
966,qaqqadu[head]N
967,muštālu[considering]AJ
968,muppaširu[calming]AJ
969,tikpu[spot]N
970,Asalluhi[Marduk]DN
971,mukammiru[one-who-heaps-up]N
972,mubannû[one-who-beautifies]N
973,nišūtu[relative(s)]N
974,pātiqu[shaper]N
975,padānu[path]N
976,ṣaliptu[lying]N
977,dāgilu[one-who-sees]N
978,qīpu[believable-one]N
979,wardu[slave]N
980,nābalu[dry-land]N
981,ikkibu[taboo]N
982,madaktu[(military)-camp]N
983,barbaru[wolf]N
984,aqû[wait-(for)]V
985,Baiti-ili[Bethel]DN
986,Anat-Baiti-ili[Anath-Bethel]DN
987,rabû[set]V
988,buʾʾuru[hunting]N
989,rimṭu[(an-illness)]N
990,nīqu[offering]N
991,luʾʾû[sully]V
992,Ber[1]DN
993,nīšu_1[(oath-on-the)-life]N
994,Atar-samayin[1]DN
995,tamû[take-an-oath]V
996,warkānu[later]AV
997,Antu[1]DN
998,amru[seen-one]N
999,šūnuhu[much-troubled]AJ
1000,taqabbi[speak]V
1001,Dumuzi[1]DN
1002,šalāšī[thrice]AV
1003,tīku[(rain)drop]N
1004,šipat[incantation]N
1005,gašīšu[stake]N
1006,baṣāru[tear-off]V
1007,pakku[(a-metal-object)]N
1008,meʾatu[(one)-hundred]NU
1009,kanšiš[submissively]AV
1010,ṣâlu[fight]V
1011,šahtu_N[reverent-one]N
1012,râbu[quake]V
1013,kalû[totality]N
1014,adru[afraid]AJ
1015,šutadduru[constantly-terrified]AJ
1016,ezhu[tied-round]AJ
1017,idāti[ominous-condition]N
1018,ittāti[sign]N
1019,galtu[fearful]AJ
1020,ṭehû[approach]V
1021,ritpāšu[extended]AJ
1022,apkallu[wise-man]N
1023,Nudimmud[1]DN
1024,hamāmu[gather]V
1025,Irqingu[1]DN
1026,uznu[ear]N
1027,šinnatu[similarity]N
1028,šālilu[plunderer]N
1029,ilūtu[godhead]N
1030,tarahhu[bank]N
1031,šapru[pledge]N
1032,šuttu[dream]N
1033,egerrû[utterance]N
1034,parzillu[iron]N
1035,huṣannu[sash]N
1036,šēlūtu[pointed-blade]N
1037,šēltu[sharp-blade]N
1038,nādu[sharp?]AJ
1039,hamṭu[quick]AJ
1040,asmātu[(a-type-of-horse-trappings)]N
1041,buṭnu[terebinth]N
1042,paṭāru[untie]V
1043,mašû[forget]V
1044,igāru[wall]N
1045,musukkannu[Magan-tree]N
1046,iṣu[tree]N
1047,šumēlu[left-side]N
1048,martu[gall-bladder]N
1049,ubānu[finger]N
1050,kisittu[branches]N
1051,mašmaššu[incantation-priest]N
1052,šūquru[very-valuable]AJ
1053,mīrānu[young-dog]N
1054,uhummiš[like-a-cliff]AV
1055,šadālu[be(come)-wide]V
1056,arāru[curse]V
1057,ṣarāšu[spread-out]V
1058,gilittu[terror]N
1059,šaddihu[far-reaching]AJ
1060,parādu[be(come)-scared]V
1061,nashu[torn]AJ
1062,labšu[clothed]AJ
1063,agašgû[youngest-son]N
1064,tamītu[oath]N
1065,aršu[dirty]AJ
1066,ṣubātu[textile]N
1067,kubukku[strength]N
1068,āliku[goer]N
1069,līdānu[chick]N
1070,urīṣu[male-goat]N
1071,rīmu[wild-bull]N
1072,šattu[year]N
1073,šalšu[third]AJ
1074,rūqu[distant-one]N
1075,bēlūtu[rule]N
1076,kadrû[present]N
1077,tabāku[heap-up]V
1078,takkassu[unworked-block]N
1079,kapru[village]N
1080,matāhu[lift]V
1081,karābu[pray]V
1082,šaplu[underside]N
1083,šâlu[ask]V
1084,namaddu[darling]N
1085,nābû[one-who-calls-by-name]N
1086,ušultu[vein]N
1087,ṣuppu[decorated]AJ
1088,šaluššani[the-year-before-last]AV
1089,šazbussu[consignment]N
1090,arkû[rear]AJ
1091,pānû[first]AJ
1092,mazzizu[standing]N
1093,kuppû[snow]N
1094,šulmānu[greeting-gift]N
1095,nāʾidu[one-who-is-attentive]N
1096,takālu[trust]V
1097,nuʾʾudu[very-praiseworthy]AJ
1098,dekû[raise]V
1099,nâšu[rock]V
1100,pišru[release]N
1101,nazāqu[creak]V
1102,rubû[prince]N
1103,mūšu[night]N
1104,dullu[trouble]N
1105,qīšu[forest]N
1106,qanû_N[reed]N
1107,tālittu[offspring]N
1108,igirû[heron]N
1109,asurrakku[subterranean-waters]N
1110,apu[reed-bed]N
1111,satālu[plant]V
1112,šahû[pig]N
1113,kupru[bitumen]N
1114,ṣillu[shade]N
1115,šeriktu[present]N
1116,mašāʾu[take-away-by-force]V
1117,zakû[be(come)-clear]V
1118,unqu[ring]N
1119,hasāsu[be(come)-conscious]V
1120,leʾû[be-able]V
1121,kamû[bound]AJ
1122,utullu[herdsman]N
1123,ṣibittu[seizure]N
1124,Anūtu[position-of-An]N
1125,rubātu[queen]N
1126,lēqû[one-who-takes]N
1127,hāmimu[(grain)-gatherer]N
1128,hamuttu[haste]N
1129,hurbāšu[frost]N
1130,rašubbatu[terrifying-appearance]N
1131,melemmu[fearsome-radiance]N
1132,ṭīdu[mud]N
1133,ṣarpu[burnt]AJ
1134,esēqu[incise]V
1135,liptu[undertaking]N
1136,nâhu[(meaning-unknown)]V
1137,pāšilu[crawling-one]N
1138,lumāšu[constellation]N
1139,Sebettu[Seven]DN
1140,tukultu[trust]N
1141,danānu_V[be(come)-strong]V
1142,šiāmu[fix]V
1143,Bel[1]DN
1144,isimmānu[ration]N
1145,muttabbiltu[female-servant]N
1146,palāšu[perforate]V
1147,salmu[peaceful]AJ
1148,hurratu[hole]N
1149,edēlu[shut]V
1150,pašāru[loosen]V
1151,kukkallu[fat-tailed-sheep]N
1152,šuparzuhu[make-abundant]V
1153,gumāhu[prize-bull]N
1154,zību[food-offering]N
1155,nakliš[artistically]AV
1156,rēštû[first]AJ
1157,šuqultu[weight]N
1158,parṣu[rite]N
1159,nakriš[like-an-enemy]AV
1160,šebēru[break]V
1161,anzillu[taboo]N
1162,arītu[shield]N
1163,katāru[get-(as)-help]V
1164,talālu[stretch]V
1165,šalpu[unsheathed]AJ
1166,tašlīšu[third-man-(of-a-chariot-crew)]N
1167,namāšu[set-(oneself)-in-motion]V
1168,kalbānātu[(a-siege-instrument)]N
1169,yašibu[battering-ram]N
1170,zūku[infantry]N
1171,dimtu[tower]N
1172,lawu[surrounded]AJ
1173,himṣu[fatty-tissue]N
1174,pilšu[breach]N
1175,salqu[boiled]AJ
1176,dalālu[praise]V
1177,tanittu[praise]N
1178,šahtu_AJ[reverent]AJ
1179,tanattu[praise]N
1180,wašru[submissive]AJ
1181,Erra[1]DN
1182,ritmuku[bathed]AJ
1183,paršu[excrement]N
1184,urqītu[greenery]N
1185,sapsapu[moustache]N
1186,illūriš[like-a-(red)-flower]AV
1187,magarru[wheel]N
1188,raggu_N[wicked-person]N
1189,apālu[pay]V
1190,têrtu[instruction]N
1191,Šamaš[1]DN
1192,āmeru[that-sees]N
1193,kunnu[fixed]AJ
1194,ša-rēši[eunuch]N
1195,šāqû[butler]N
1196,mūgu[contingent]N
1197,rebû[fourth]NU
1198,šikittu[form]N
1199,šalāšiu[third]NU
1200,pūhu[exchange]N
1201,tarpašû[area]N
1202,elēnû[upper]AJ
1203,tadānu[give]V
1204,labāriš[to-become-old]AV
1205,qâpu[fall-down]V
1206,temmēnu[foundation]N
1207,anāhu[be(come)-tired]V
1208,bānû[creator]N
1209,epēšu[do]V
1210,kīdītu[exterior-part]N
1211,kibarru[boat-of-inflated-skins?]N
1212,kubšu[headcloth]N
1213,mêšu[disregard]V
1214,eleppu[ship]N
1215,Dagan[1]DN
1216,gitmālu_AJ[perfect]AJ
1217,damqu[good-one]N
1218,eṭlu[manly-one]N
1219,lamdu[knowing]AJ
1220,ša-šalputti[(meaning-uncertain)]N
1221,miṭṭu[(a-divine-weapon)]N
1222,mupattû[one-who-opens]N
1223,enūtu[lordship]N
1224,imtu[poison]N
1225,rîtu[pasture]N
1226,muttetendu[conspirator]N
1227,halpu[slipped-into]AJ
1228,tarīku[darkness?]N
1229,mašqītu[watering-place]N
1230,nammušīšu[mobile-one]N
1231,ezzetu[fury]N
1232,īnīšu[eye]N
1233,awātu[word]N
1234,ṭēmu[(fore)thought]N
1235,rabû_AJ[big]AJ
1236,sebe[seven]NU
1237,rigmu[voice]N
1238,dalāhu[disturb]V
1239,šubtu[dwelling]N
1240,šemû[hearing]AJ
1241,palû[reign-(of-a-king)]N
1242,erṣetu[earth]N
1243,minâtušu[limbs]N
1244,miqit[fall]N
1245,hubūru[bustle]N
1246,šittu[sleep]N
1247,šamāmu[injure]V
1248,dakāku[gambol]V
1249,rehû_V[pour-out]V
1250,ṣehhertu[young-girl]N
1251,itūlu[lie-down]V
1252,ṭuhdu[abundance]N
1253,mīšaru[justice]N
1254,šiqlu[shekel]N
1255,zikrūtu[manliness]N
1256,šattišamma[year-by-year]AV
1257,dīšu[(spring)-growth]N
1258,šībūtu[old-age]N
1259,madbaru[steppe]N
1260,šiptu[wording]N
1261,šunūlu[laid-down]AJ
1262,rihûtu[progeny]N
1263,šārtu[hair]N
1264,hīpu[break(age)]N
1265,šalû[submerge-oneself-in]V
1266,umunnû[blood]N
1267,nāriš[like-a-river]AV
1268,lasmu[speedy]AJ
1269,udru[Bactrian-camel]N
1270,ašâtu[reins]N
1271,etellu[pre-eminent-one]N
1272,bukru[son]N
1273,ramāku[bathe]V
1274,erpetu[cloud]N
1275,barāqu[lighten]V
1276,mūtu[death]N
1277,inim[word]N
1278,šiptu[incantation]N
1279,ušparu[staff]N
1280,zāninūtu[rôle-of-provisioner]N
1281,duššupu[sweetened]AJ
1282,warkītu[posterity]N
1283,mithurtu[convergence]N
1284,lurmu[ostrich]N
1285,munakkipu[one-who-gores]N
1286,gāmilu[merciful]AJ
1287,mēlû[height]N
1288,sugullu[herd]N
1289,qitrubu[attack]N
1290,nasqu[chosen]AJ
1291,suhurmāšu[(mythical)-goat-fish]N
1292,pašhu[(a-hand-held-weapon)]N
1293,tikku[neck]N
1294,dūru[(city)-wall]N
1295,Muzibsa[1]DN
1296,narāmtu[beloved-(woman)]N
1297,tizqāru[supreme]AJ
1298,rubûtu[rulership]N
1299,rēmēnû[merciful]AJ
1300,sekretu[enclosed-(woman)]N
1301,ṣehēru[be(come)-small]V
1302,abu[father]N
1303,kippu[loop]N
1304,ṣalāmu[be(come)-black]V
1305,umāmu[animal]N
1306,ṣābu[people]N
1307,wabālu[bring]V
1308,ṣulû[supplication]N
1309,upnu[(cupped)-hand]N
1310,šanîš[otherwise]AV
1311,zamāru[sing]V
1312,ṣullû[beseech]V
1313,napištu[throat]N
1314,qaštu[bow]N
1315,kunukku[seal]N
1316,kidinnūtu[exempt-status]N
1317,baṭlu[ceased]AJ
1318,labīru[old-one]N
1319,mukinnu[witness]N
1320,kânu[be(come)-permanent]V
1321,kidudû[rites]N
1322,mašqû[watering-place]N
1323,šêlu[sharpen]V
1324,ṣabtu[captured]AJ
1325,šitkunu[situated]AJ
1326,šapû[be(come)-silent]V
1327,šūrišam[(meaning-unknown)]AV
1328,kalîš[totally]AV
1329,kanāku[seal]V
1330,kamû[bind]V
1331,irtu[breast]N
1332,nakru[enemy]N
1333,ašāru[sink-down]V
1334,ummuru[chosen]AJ
1335,taklu[reliable]AJ
1336,pitluhu[feared]AJ
1337,nibzu[(a-kind-of)-document]N
1338,Tašmetu[1]DN
1339,kitnušu[submissive]AJ
1340,ūmussu[daily]AV
1341,rēʾû[shepherd]N
1342,enšu_N[weak-one]N
1343,dannu[strong-one]N
1344,habālu_V[do-wrong]V
1345,buʾāru[happiness]N
1346,qatû[ended]AJ
1347,ahrītu[later-time]N
1348,zārû[scattering]N
1349,balṭūtu[state-of-being-alive]N
1350,muštālu[one-who-considers]N
1351,qablu[hips]N
1352,warāqu[be(come)-green-yellow]V
1353,našarbuṭu[flit]V
1354,Ninlil[1]DN
1355,inhu[hardship]N
1356,têrtu[instruction]N
1357,ēdiš[alone]AV
1358,tašaddad[draw]V
1359,eršemmakku[(an-Emesal-cult-lament)]N
1360,eršahungû[(an-Emesal-cult-lament)]N
1361,Duranki[1]DN
1362,ŋar[place]V/t
1363,šiddu[length]N
1364,Anzu[1]DN
1365,rēštu[beginning]N
1366,maṣû[correspond]V
1367,Ištar[1]DN
1368,alālu[hang-up]V
1369,pīlu[limestone]N
1370,kišādu[neck]N
1371,kišittu[achievement]N
1372,abnu[stone]N
1373,ištiššu[once]AV
1374,muddišu[restorer]N
1375,mušamqitu[one-who-overthrows]N
1376,šarhu[proud]AJ
1377,alkakātu[ways-of-life]N
1378,lītu[cow]N
1379,epištu[deed]N
1380,šaṭāru[write]V
1381,qerbu[centre]N
1382,kakkabī[star]N
1383,hammāʾu[rebel]N
1384,abunnatu[umbilical-cord]N
1385,bibbu[(a-kind-of-wild-sheep)]N
1386,ešû_V[confuse]V
1387,tibûtu_1[rise]N
1388,ummānu[army]N
1389,nakru[strange]AJ
1390,piqittu[provisioning]N
1391,kayyamānû[reliable]AJ
1392,erbû[locust]N
1393,arāhu[hasten]V
1394,ušmannu[camp]N
1395,gerû[be(come)-hostile]V
1396,katmu[covered]AJ
1397,šanû[do-twice]V
1398,ṣīru_2[exalted-one]N
1399,šallatu[plundered-thing(s)]N
1400,šalālu[carry-off]V
1401,kašādu[reach]V
1402,mādu[many]AJ
1403,līm[thousand]NU
1404,būšu[goods]N
1405,rīmāniš[like-a-wild-bull]AV
1406,zaqru[high]AJ
1407,nagāšu[go-to(wards)]V
1408,namrāṣu[hardship]N
1409,rakābu[ride]V
1410,našû[lift]V
1411,līmâ[one-thousandfold]AV
1412,rēṣūtu[help]N
1413,lēʾîš[powerfully]AV
1414,tūrtu[restitution]N
1415,Ninkura[1]DN
1416,kirû[garden]N
1417,tillatu[vine]N
1418,eqlu[field]N
1419,arqu[green]AJ
1420,zaqpu[erected]AJ
1421,qannu[fringe]N
1422,pannigu[(a-pastry-or-bread)]N
1423,ūṣu[arrow(head)]N
1424,naṣmadu[harness]N
1425,azmarû[lance]N
1426,agālu[donkey]N
1427,ereqqu[cart]N
1428,mūrnisqu[select-young-animal]N
1429,išpatu[quiver]N
1430,šappatu[(a-pottery-vessel)]N
1431,sahāru[go-around]V
1432,šamnu[oil]N
1433,ādiru[full-of-awe]N
1434,tabrītu[vision]N
1435,apluhtu[armour]N
1436,qablu[battle]N
1437,unūtu[merchandise]N
1438,dabdû[defeat]N
1439,tillu[(military)-equipment]N
1440,mahāṣu[beat]V
1441,pēthallu[equid]N
1442,ašamšāniš[like-a-dust-storm]AV
1443,qadištu[(a-type-of-priestess)]N
1444,sâru[rotate]V
1445,murassibu[one-who-smites]N
1446,naphu[blown-on]AJ
1447,ruqqu[thinness]N
1448,kabtu[important-one]N
1449,šērtu[morning]N
1450,šehṭu_N[jump]N
1451,umšu[heat]N
1452,takrīṣu[gnawing-away]N
1453,kaspu[silver]N
1454,kak-dāmi[bloodstained-weapon]N
1455,zenûtu[anger]N
1456,namûtu[desolation]N
1457,hamâtu[help]N
1458,hamṭiš[quickly]AV
1459,ālik-ilki[performer-of-state-service]N
1460,šaddu[(a-chest-or-container)]N
1461,arkītu[later]AV
1462,qabaltīu[central]AJ
1463,abūsu[storehouse]N
1464,lismu[running]N
1465,ēribu[enterer]N
1466,mašennu[(an-administrator)]N
1467,lamādu[learn]V
1468,kiškattû[craftsman]N
1469,hammu[gathered-(to-oneself)]AJ
1470,wāšipu[sorcerer]N
1471,išippu[(a-purification-priest)]N
1472,ašlu[rush]N
1473,angubbû[standing-in-the-sky]N
1474,pirištu[secret-plot]N
1475,kalû[lamentation-priest]N
1476,ṣuppān[unit]N
1477,nāru[musician]N
1478,mahru[front]N
1479,mupparšu[flying]AJ
1480,šalgu[snow]N
1481,kūṣu[coldness]N
1482,šapāku[heap-up]V
1483,dannatu[fortified-(place)]N
1484,idu[arm]N
1485,petû[open]V
1486,ṣimittu[binding]N
1487,āpiru[crowned-one]N
1488,muribbu[one-who-makes-tremble]N
1489,nâdu[praised]AJ
1490,wusmu[appropriateness]N
1491,Ellilbanda[1]DN
1492,anantu[battle]N
1493,karūbu[reverently-greeted-one]N
1494,ziqqurratu[ziggurat]N
1495,nanhuzu[inflamed]AJ
1496,išātiš[on-fire]AV
1497,itaddu[covered]AJ
1498,ūmiš[like-a-storm]AV
1499,nadāru[be(come)-wild]V
1500,illatu[band]N
1501,pādû[forgiving]AJ
1502,riksu[binding]N
1503,kaṣāru[tie]V
1504,piššatu[ointment]N
1505,alapû[seaweed]N
1506,taktīmu[(textile)-cover]V
1507,rābiṣu['lurker'-demon]N
1508,napṭu[naphtha]N
1509,lemnu_AJ[bad]AJ
1510,hiāru[choose]V
1511,mūtānu[epidemic]N
1512,šēdu[protective-deity]N
1513,šutātû[being-in-opposition]AJ
1514,rapāšu[be(come)-broad]V
1515,palkû[wide]AJ
1516,hasīsu[ear]N
1517,uṣṣurtu[plan]N
1518,bašû[be]V
1519,rapšu[wide]AJ
1520,bišītu[property]N
1521,Sin[1]DN
1522,qarrādu[warlike]N
1523,malāku[discuss]V
1524,nâhu[rest]V
1525,ekdu[wild]AJ
1526,nu[not]V/i
1527,biz[trickle]V/t
1528,kāšidu[conqueror]N
1529,mulaʾʾiṭu[one-who-encircles]N
1530,huršānu[mountain(s)]N
1531,pālihu[one-who-reveres]N
1532,pāṭu[edge]N
1533,mušarbû[one-who-makes-surpassing]N
1534,alādu[give-birth-(to)]V
1535,arītu[pregnant-(woman)]N
1536,šuhhû[have-(illicit)-sexual-intercourse]V
1537,entu[priestess]N
1538,tarbaṣu[courtyard]N
1539,nušurrû[reduction]N
1540,lawû[surround]V
1541,zakkāru[man]N
1542,unnutu[faint]AJ
1543,ziqnu[beard]N
1544,šaqû[be(come)-high]V
1545,sāmu[red]AJ
1546,izuzzu[stand]V
1547,urkiš[later]AV
1548,matīma[ever]AV
1549,laššu[(there)-is-not]V
1550,hurrušu[bound]AJ
1551,ṣippatu[fruit-orchard]N
1552,parāku[lie-across]V
1553,dīnu[legal-decision]N
1554,dabābu[speak]V
1555,herû[dig]V
1556,muhalliqu[one-who-destroys]N
1557,mušpardû[one-who-illuminates]N
1558,dāʾipu[repeller]N
1559,parāʾu[cut-off]V
1560,muʾabbitu[one-who-destroys]N
1561,mahru[that-can-be-faced]AJ
1562,lemnu[bad-one]N
1563,musallimtu[one-who-reconciles]N
1564,šabsu[angry]AJ
1565,sullumu[reconciled]AJ
1566,amēlūti[mankind]N
1567,ittu[peculiarity]N
1568,ṭahādu[flourish]V
1569,šabāsu[be(come)-angry]V
1570,rahṣu[confident]AJ
1571,laputtû[lieutenant]N
1572,muparriru[one-who-scatters]N
1573,sinnišu[female]AJ
1574,mukabbisu[one-who-treads-down]N
1575,dāʾišu[thresher]N
1576,imbû[fibre]N
1577,šû[(a-stone)]N
1578,mušahmitu[one-who-burns]N
1579,hitmuṭu[burning-one]N
1580,kanšu[submissive-one]N
1581,ṣehru_1[small-one]N
1582,tappûtu[common-cause]N
1583,akû[weak-one]N
1584,sāhiru[turning]N
1585,ūsu[straight-path]N
1586,dunnu[power]N
1587,lulīmu[red-deer]N
1588,baʾūlātu[people]N
1589,ihzu[learning]N
1590,emūqu[strength]N
1591,nēmequ[wisdom]N
1592,gattu[form]N
1593,zaqnu[bearded]AJ
1594,baqāmu[pluck]V
1595,sahālu[prick]V
1596,šibbu[belt]N
1597,niksu[cutting-(off)]N
1598,šanîš[alternatively]AV
1599,mešēnu[sandal]N
1600,karšu[stomach]N
1601,ziqtu[sting]N
1602,nabāṭu[be(come)-bright]V
1603,rapaštu[loin]N
1604,nīšu_2[lifting]N
1605,maqtu[fallen]AJ
1606,ṭehû[be(come)-near-to]V
1607,ebbu[bright]AJ
1608,napardû[shining-brightly]AJ
1609,simmu[wound]N
1610,nussuqu[select(ed)]AJ
1611,lazzu[enduring]AJ
1612,nummuru[very-bright]AJ
1613,tānēhu[moaning]N
1614,alû[(an-evil-demon)]N
1615,šarku[pus]N
1616,muštahmiṭu[blazing]AJ
1617,šamšu[sun]N
1618,lāʾiṭu[one-who-wraps-itself-around]N
1619,rappu[hoop]N
1620,ašarēdu[first-and-foremost-one]N
1621,mugallitu[troublemaker]N
1622,qardu_AJ[valiant]AJ
1623,šanānu[equal]V
1624,qemû[grind]V
1625,nêru_V[strike]V
1626,abūbāniš[like-a-flood]AV
1627,urinnu[eagle]N
1628,watû[find]V
1629,wašṭu[stiff-one]N
1630,iššiakkūtu[ensi-ship]N
1631,nizmatu[desire]N
1632,halāqu[be(come)-lost]V
1633,aggiš[furiously]AV
1634,erēšu[sow]V
1635,nekelmû[frown-at]V
1636,zēru[seed(s)]N
1637,sikkatu[yeast]N
1638,perʾu[bud]N
1639,nannābu[offspring]N
1640,sakāpu[push-down]V
1641,bīšu[bad]AJ
1642,karṣu[slander]N
1643,dibbu[words]N
1644,ramānu[self]N
1645,ilūtu[divinity]N
1646,ištanassi[call]V
1647,iṣṣūru[bird]N
1648,erû[eagle]N
1649,Palil[1]DN
1650,ašarēdu[first-and-foremost]AJ
1651,nagbu[underground-water]N
1652,akālu[eat]V
1653,šīru[flesh]N
1654,Ea[1]DN
1655,zenû_AJ[angry]AJ
1656,kamlu[angry]AJ
1657,raʾbu[raging]AJ
1658,uššušu[very-distressed]AJ
1659,salāmu[be(come)-at-peace]V
1660,raʾābu[shake]V
1661,šēʾu[neighbour]N
1662,bābtu[city-quarter]N
1663,zenû_V[be(come)-angry]V
1664,ali[where?]AV
1665,salātu[family]N
1666,Nanaya[1]DN
1667,enzu[goat]N
1668,simtu[appropriate-symbol]N
1669,kimtu[family]N
1670,naptanu[meal(-time)]N
1671,eṭemmu[ghost]N
1672,qalû[roasted]AJ
1673,nēhu[calm]AJ
1674,qâlu[pay-attention]V
1675,maqātu[fall]V
1676,īnu[eye]N
1677,narāmu[loved-one]N
1678,naʾdu[attentive]AJ
1679,mušteʾʾû[repeatedly-searching]N
1680,qurdu[warriorhood]N
1681,iltu[goddess]N
1682,kašūšu[(divine-weapon)]N
1683,waqû[wait-(for)]V
1684,palhiš[fearfully]AV
1685,lānu[form]N
1686,bāštu[dignity]N
1687,šurruhu[very-proud]AJ
1688,minītu[measure]N
1689,qibītu[speech]N
1690,rabû_V[to-be-big]V
1691,nakādu[beat]V
1692,dikuggallu[chief-justice]N
1693,bakru[foal]N
1694,anāqāte[she-camels]N
1695,ibilu[camel]N
1696,kamāsu[kneel]V
1697,giskimmu[sign]N
1698,kabattu[liver]N
1699,tēnû[substitute]N
1700,epertu[(baked)-brickwork]N
1701,makāṣu[slaughtering-block]N
1702,šalāpu[pull-out]V
1703,mašku[skin]N
1704,šillatu[impudence]N
1705,šulušīu[three-year-old]AJ
1706,asliš[like-sheep]AV
1707,libittu[mudbrick]N
1708,armu[mountain-goat]N
1709,šupšuqu[very-laborious]AJ
1710,zuqtu[mountain-peak]N
1711,birku[knee]N
1712,ramû[be(come)-soft]V
1713,muškēnu[dependant]N
1714,šadû[east]N
1715,šaqû[high]AJ
1716,munehhu[who-repulses]N
1717,dapīnu[overbearing-one]N
1718,imhullu[destructive-wind]N
1719,šitmuru[very-wild]AJ
1720,rasābu[smite]V
1721,šāru[wind]N
1722,naplusu[look]N
1723,apkallatu[wise-woman]N
1724,gāmirtu[controller]N
1725,ṣābittu[recipient]N
1726,muballittu[reviver]N
1727,abrātu[populace]N
1728,nashuru[favourable-attention]N
1729,mītu[dead-man]N
1730,kippatu[circle]N
1731,markasu[bond]N
1732,arītu[pregnant-one]N
1733,kasû[captive]N
1734,akāšu[walk]V
1735,maqtu[fallen-one]N
1736,ahhāzu[seizer]N
1737,gillatu[sin]N
1738,pašāru[release]V
1739,danānu_N[power]N
1740,gabbu[totality]N
1741,nadānu[give]V
1742,pû[mouth]N
1743,ardu[slave]N
1744,bītu[house]N
1745,Nabu[1]DN
1746,aṣû[go-out]V
1747,ṣumbu[wheel]N
1748,abātu_2[run-away]V
1749,wašābu[sit-(down)]V
1750,kussû[chair]N
1751,šarrūtu[kingship]N
1752,sisû[horse]N
1753,redû[accompany]V
1754,ahu[arm]N
1755,huršānu[mountain]N
1756,uggugu[angry]AJ
1757,kirimmu[(crook-of)-arm]N
1758,hatānu[protect]V
1759,diāšu[tread-down]V
1760,ahītu[side]N
1761,ekletu[darkness]N
1762,haṣānu[hug]V
1763,ezziš[furiously]AV
1764,babālu[carry]V
1765,edû_N[flood]N
1766,šipṭu[threat]N
1767,kaššu[massive]AJ
1768,rakbû[mounted-messenger]N
1769,ziāqu[blow]V
1770,abūbu[flood]N
1771,Meslamtaea[1]DN
1772,mašāʾu[rob]V
1773,rīšu[celebrated]AJ
1774,tēbû[arising]AJ
1775,Ellil[1]DN
1776,milku[advice]N
1777,hadîš[happily]AV
1778,zikru[utterance]N
1779,māhāzu[shrine]N
1780,wiāṣu[be(come)-too-little]V
1781,Sarranu[(a-group-of-deities-or-their-impersonators)]DN
1782,šadāhu[walk-forward]V
1783,isqu[lot]N
1784,nēšu[lion]N
1785,ašru[place]N
1786,narkabtu[chariot]N
1787,šangû[priest]N
1788,Issar-Aššuritu[Assyrian-Ištar]DN
1789,Šarrat-nipha[1]DN
1790,galamāhu[chief-lamentation-priest]N
1791,sīru[(meaning-uncertain)]N
1792,ša-muhhi-bēt-Aššur[warden-of-the-temple-of-Aššur]N
1793,Bel-tarbaṣi[1]DN
1794,Kunuš-kadru[1]DN
1795,ṣēlu[rib]N
1796,ša-šadādi[rickshaw]N
1797,mušabriqu[one-who-strikes]N
1798,zāwiānu[enemy]N
1799,parakku[dais]N
1800,erbe[four]NU
1801,kibru[bank]N
1802,tiāmtu[sea]N
1803,mitru_AJ[strong]AJ
1804,nigiṣṣu[crack]N
1805,šuttinnu[bat]N
1806,mīšariš[in-justice]AV
1807,haṣāṣu[snap-off]V
1808,sakālu[acquire]V
1809,sikiltu[acquisition(s)]N
1810,ṣalmu[black-one]N
1811,naprušu[fly]V
1812,mukannišu[subjugator]N
1813,abullu[gate]N
1814,bēltu[lady]N
1815,tāhāzu[battle]N
1816,ummānu[military-force]N
1817,mātu[land]N
1818,mahrû_N[first-one]N
1819,guqqû[(a-monthly-offering)]N
1820,tiqnu[embellishment]N
1821,šuklulu_V[complete]V
1822,ruṣṣunu[loud-voiced]AJ
1823,wāšibu[sitting]N
1824,ṭupšarrūtu[status-or-employment-of-scribe]N
1825,mušerbu[one-who-makes-surpassing]N
1826,tēbû[pulsating]AJ
1827,šaqû[high-one]N
1828,naṭālu[look]V
1829,tuqumtu[battle]N
1830,Tiamat[1]DN
1831,ṭēmu[report]N
1832,šanû[be(come)-changed]V
1833,palāhu[fear]V
1834,qabû[say]V
1835,tību[arousal]N
1836,sāru[fan]N
1837,lemuttu[evil]N
1838,ša-tēlissi[purification-device]N
1839,šahāṭu_1[tear-away]V
1840,paṭāru[loosen]V
1841,etēqu[proceed]V
1842,tebû[arise]V
1843,nagû[region]N
1844,lumnu[evil]N
1845,šarāku[present]V
1846,pašallu[(an-alloy-of-gold)]N
1847,qanû_V[acquire]V
1848,šalummatu[radiance]N
1849,sāpinu[flattener]N
1850,litbušu[clothed]AJ
1851,nāqidu[stock-breeder]N
1852,mušaklilu[completer]N
1853,nūru[light]N
1854,tālittu[offspring-of-animals]N
1855,lakû_N[weak-(person)]N
1856,tārītu[nurse]N
1857,šerru[(young)-child]N
1858,rebītu[square]N
1859,zummû[be(come)-deprived-of]V
1860,harīṣu[(city)-ditch]N
1861,ikkillu[lamentation]N
1862,gugallu[irrigation-controller]N
1863,sūqu[street]N
1864,šešgallūtu[post-of-šešgallu]N
1865,gullubu_V[shear]V
1866,ṣehru_AJ[small]AJ
1867,ahu[brother]N
1868,Aššur[1]DN
1869,murappišu[one-who-makes-wide]N
1870,išaru_AJ[straight]AJ
1871,mušaknišu[one-who-makes-someone-bow-down]N
1872,tamāhu[grasp]V
1873,haṭṭu[stick]N
1874,māgiru[submissive-one]N
1875,ezzu[furious]AJ
1876,tebû[get-up]V
1877,zāʾeru[enemy]N
1878,mēreštu[wish]N
1879,mehertu[produce]N
1880,tazzimtu[complaint]N
1881,ištaru[goddess]N
1882,ikribu[prayer]N
1883,ilu[god]N
1884,māmītu[oath]N
1885,padānu[way]N
1886,šeʾû[seek-(out)]V
1887,pāriʾu[one-who-cuts-through]N
1888,šalû[fling]V
1889,šēlu[sharpened]AJ
1890,ša-bēt-šēli[(employee)-of-the-left-house]N
1891,šamru[furious]AJ
1892,nadru[wild]AJ
1893,šalāšī-[three-times]AV
1894,šiltāhu[arrow]N
1895,Mašmaš[1]DN
1896,šutlumu[grant-generously]V
1897,alālu[work-song]N
1898,šisītu[cry]N
1899,ugāru[grassland]N
1900,nāgiru[(town)-crier]N
1901,hazannu[mayor]N
1902,kibsu[track]N
1903,alaktu[way]N
1904,awīlūtu[humanity]N
1905,nāgiru[herald]N
1906,edēru[embrace]V
1907,mayyālu[bed]N
1908,šanû[second]NU
1909,ištēn[one]NU
1910,agû[wave]N
1911,gegunnû[raised-temple]N
1912,pašāqu[be(come)-narrow]V
1913,šalbubu[furious]AJ
1914,ṭēhu[proximity]N
1915,marṣiš[bitterly]AV
1916,nakmu[heaped-(up)]AJ
1917,bâʾu[go-along]V
1918,ṣēnu[evil-one]N
1919,daqqu[minute]AJ
1920,šamallû[apprentice]N
1921,aplu[heir]N
1922,labīru_N[old-one]N
1923,tabālu[take-away]V
1924,nāʾeru[roaring]AJ
1925,ṣamādu[team]N
1926,hitlupu[intertwined]AJ
1927,mušimmu[one-who-determines]N
1928,apsasû[(an-exotic-bovid)]N
1929,šaqîš[high-up]AV
1930,nanzuzu[was-standing]AJ
1931,urmahhu[lion-colossus]N
1932,ašnugallu[alabaster]N
1933,magru[agreed]AJ
1934,raṣāpu[erect]V
1935,gabadibbu[parapet]N
1936,wasāmu[be(come)-fitting]V
1937,šarāhu[take-pride-in]V
1938,ešertu[chapel]N
1939,Kulla[1]DN
1940,nabnītu[creation]N
1941,zanānu[provision]V
1942,abru[wing]N
1943,mehû[storm]N
1944,nadû[throw]V
1945,mahāru[face]V
1946,mušarû[(royal)-inscription]N
1947,šiṭru[(piece-of)-writing]N
1948,pašāṭu[efface]V
1949,šaṭru[written]AJ
1950,anhūtu[tiredness]N
1951,edēšu[be(come)-new]V
1952,nabû[name]V
1953,pašāšu[anoint]V
1954,naqû[pour-(a-libation)]V
1955,halluptu[armour]N
1956,raksu[tied]AJ
1957,namurratu[awe-inspiring-radiance]N
1958,adāru[be(come)-afraid]V
1959,arbaʾu[four]NU
1960,marratu[bitter-thing]N
1961,gimillu[requital]N
1962,kakku[stick]N
1963,warādu[go-down]V
1964,pāru[skin]N
1965,huhāru[bird-snare]N
1966,katāmu[cover]V
1967,sahāpu[envelop]V
1968,zakāru[speak]V
1969,malku[prince]N
1970,nasāhu[tear-out]V
1971,šumu[name]N
1972,dannu[strong]AJ
1973,gišhurru[plan]N
1974,ammatu[unit]N
1975,watāru[be(come)-outsize]V
1976,mahrû_AJ[first]AJ
1977,warhu[month]N
1978,uššu[foundation]N
1979,nadû[throw-(down)]V
1980,šalmu[intact]AJ
1981,ṣēru[back]N
1982,šemû[hear]V
1983,ziqipta[vertically]AV
1984,patru[sword]N
1985,pašqu[narrow]AJ
1986,urhu[road]N
1987,akkullu[hatchet]N
1988,šamû[heaven]N
1989,werû[copper]N
1990,šaknu[placed]AJ
1991,marṣu[sick]AJ
1992,šību[witness]N
1993,appatu[bridle]N
1994,ṭupšarru[scribe]N
1995,mukillu[holder]N
1996,līmu[eponym-(of-year)]N
1997,tašlīšu[third-man-on-chariot]N
1998,rabû_N[big-one]N
1999,kiṣru[knot]N
2000,atû[gatekeeper]N
2001,tamkāru[merchant]N
2002,littūtu[(extreme)-old-age]N
2003,šebû[be(come)-full]V
2004,labīrūtu[old-age]N
2005,multāmu[meal-participant]N
2006,rāʾimu[one-who-loves]N
2007,maṣṣaru[guard]N
2008,reʾû[pasture]V
2009,lalû[plenty]N
2010,ṭūbu[goodness]N
2011,rukkusu[joined]AJ
2012,šummannu[halter]N
2013,palāqu[slaughter]V
2014,waṣpu[sling]N
2015,tahtû[defeat]N
2016,urruhiš[speedily]AV
2017,marû[fattened]AJ
2018,ruššû[red]AJ
2019,šawiru[ring]N
2020,šušqû[very-exalted]AJ
2021,gašru_N[very-strong-one]N
2022,šibqū[scheme]N
2023,ayyaru[young-man]N
2024,mukillatu[holder]N
2025,mūtawû[one-who-discusses]N
2026,mumaʾʾeru[commander]N
2027,lēʾû_N[powerful-one]N
2028,lāmidu[one-who-learns]N
2029,mušammihu[one-who-makes-something-flourish]N
2030,tilpānu[bow]N
2031,šaqāru[pierce]V
2032,palāšu[pierce]V
2033,suhhurtu[retreat]N
2034,šūpû[resplendent-one]N
2035,Mami[1]DN
2036,nêʾu[turn-back]V
2037,râṣu[rush-(to-help)]V
2038,ramāmu[roar]V
2039,attartu[(military)-cart]N
2040,Girra[fire(-god)]DN
2041,samītu[wall-plinth]N
2042,KAxKIB.U2[fetter?]N
2043,surāru[prayer]N
2044,šēhtu[incense-burner]N
2045,sapāku[catch]V
2046,sūqāqû[street]N
2047,sarru[criminal]N
2048,ṣabtu_AJ[seized]AJ
2049,isītu[tower]N
2050,balāṭu[live]V
2051,šalāmu_V[be(come)-healthy]V
2052,Marduk[1]DN
2053,šēpu[foot]N
2054,qātu[hand]N
2055,abbūtu[fatherhood]N
2056,harrānu[way]N
2057,ṣabātu[seize]V
2058,balṭu[living-one]N
2059,dâku[kill]V
2060,šadû[mountain]N
2061,pānūšu[face]N
2062,qebēru[bury]V
2063,biblu[the-(action-of)-bringing]N
2064,ṣallu[sleeping]AJ
2065,zummu[be(come)-deprived]V
2066,barāmu[seal-(up)]V
2067,lummunu[very-bad]AJ
2068,eṣemtu[bone]N
2069,Mummu[1]DN
2070,eššūtu[newness]N
2071,pūtu[forehead]N
2072,bašû[exist]V
2073,siltu[(a-kind-of-groats)]N
2074,kukku[(a-kind-of)-cake]N
2075,sēpu[(a-cereal)]N
2076,libbu[(a-kind-of-bread)]N
2077,dulīqātu[roast-corn]N
2078,sūtu[unit]N
2079,rittu[hand]N
2080,imēru[unit]N
2081,rabû[great-one]N
2082,zikaru_N[male]N
2083,parû[mule]N
2084,gammalu[camel]N
2085,imēru[donkey]N
2086,wēdu[single-one]N
2087,mithāriš[in-the-same-manner]AV
2088,alpu[ox]N
2089,nišu[people]N
2090,nanzāzu[that-stands-(in-attendance)]N
2091,dallu[praised]AJ
2092,itûtu[selection]N
2093,mūterrišu[one-who-constantly-makes-requests]N
2094,putuqqu[constantly-attentive]AJ
2095,Irnini[1]DN
2096,Adad[storm-god]DN
2097,mutnennû[pious]AJ
2098,wašru[submissive-one]N
2099,Enlil[1]DN
2100,liwītu[packaging]N
2101,nību[naming]N
2102,ālu[city]N
2103,išû[have]V
2104,šamallû[purse-bearer]N
2105,napālu[dig-out]V
2106,karmiš[into-a-ruin]AV
2107,urbu[(a-work-gang)]N
2108,šību[old-man]N
2109,mitgurtu[agreement]N
2110,ṭerû[penetrating]AJ
2111,mahīru[price]N
2112,rūbu_1[adulthood]N
2113,mērešu[cultivated-land]N
2114,mahīru[market-price]N
2115,ezû[hurry]V
2116,suluppu[date]N
2117,biblu[bringing]N
2118,arkû[intercalary]AJ
2119,mīnu[number]N
2120,ṣerru[snake]N
2121,zuqiqīpu[scorpion]N
2122,sakāpu[rest]V
2123,patlu[entwined]AJ
2124,innamrū[see]V
2125,kapālu[roll-up]V
2126,maṣāru[stride-about?]V
2127,kašdu[successful]AJ
2128,awīlu[man]N
2129,pitiltu[string]N
2130,batultu[nubile-girl]N
2131,pirsu[weaned]AJ
2132,sinništu[woman]N
2133,gimru[totality]N
2134,nukaribbu[gardener]N
2135,māru[son]N
2136,parsu[cut-off]AJ
2137,ṣuhurtu[the-young-youth(s)]N
2138,mārtu[daughter]N
2139,ikkaru[farmer]N
2140,pānu[front]N
2141,huliam[helmet]N
2142,uqu[people]N
2143,sariyam[(coat-of)-armour]N
2144,dabbu[speaking]AJ
2145,puhpuhhû[quarrel]N
2146,šūzuzu[very-fierce]AJ
2147,apāru[cover-the-head]V
2148,lābiš[like-a-lion]AV
2149,bašālu[be-cooked]V
2150,gerû[be(come)-hostile-to]V
2151,ṣīru_1[envoy]N
2152,kūdanu[mule]N
2153,našû[lifted]AJ
2154,urû[team]N
2155,qīpu[representative]N
2156,madādu[measure-(out)]V
2157,hubtu[robbery]N
2158,ramû[slacken]V
2159,annûri[now]AV
2160,purdû[(a-weapon)]N
2161,sulummû[peace-making]N
2162,dandannu_N[all-powerful-one]N
2163,Igigu[1]DN
2164,etelletu[pre-eminent-one]N
2165,apsû[(cosmic)-underground-water]N
2166,naquttu[critical-situation]N
2167,mērehtu[aggressiveness]N
2168,wuʾʾurtu[commission]N
2169,Anunnaku[1]DN
2170,timmu[pole]N
2171,tarāṣu[stretch-a-(measuring)-cord]V
2172,erēnu[cedar]N
2173,misarru[belt]N
2174,tarānu[roof]N
2175,gušūru[tree-trunk]N
2176,tiālu[white-cedar]N
2177,tarbītu[child-rearing]N
2178,daltu[door]N
2179,gīdu[sinew]N
2180,kukkubu[offering-vessel]N
2181,ruhû[sorcery]N
2182,asakku[(a-demon-or-illness)]N
2183,abiktu[defeat]N
2184,nanduru[very-wild]AJ
2185,hātu[terror]N
2186,tarmuš[lupin]N
2187,nesû[be(come)-distant]V
2188,kišpu[sorcery]N
2189,haṭû[defective]AJ
2190,ellu_AJ[pure]AJ
2191,erīšu[scent]N
2192,ūmu[day]N
2193,ṭābu[good]AJ
2194,lapātu[touch]V
2195,luʾʾû[sullied]AJ
2196,šēmû[hearer]N
2197,bēlu[lord]N
2198,šapāru[send]V
2199,šarru[king]N
2200,šakānu[put]V
2201,harāṣu[break-off]V
2202,ṭêmu[look-after]V
2203,muhhu[skull]N
2204,harṣu[broken-off]AJ
2205,muterru[(re)turner]N
2206,alāku[go]V
2207,libbu[interior]N
